Storage_Method,mean,std
Crib,185.51884057971014,26.514936275518373
Sack,183.6394366197183,33.01651200427717
Silo,218.33333333333334,25.49099256118494
