District,mean,std,count
Dedza,194.47710843373494,31.10651772853104,83
Lilongwe,188.6578313253012,33.21531427755228,83
Mchinji,185.6238095238095,33.18566107485776,84
