transports_to_city,mean,std,count
No,189.1650368974359,72.0689102344054,39
Sometimes,179.9668315877551,73.59503557133361,49
Yes,179.72256673265306,73.65279045979915,49
